<metadata xml:lang="es"><Esri><CreaDate>20150929</CreaDate><CreaTime>09473100</CreaTime><ArcGISFormat>1.0</ArcGISFormat><ArcGISstyle>GISCO Metadata Editor 2012</ArcGISstyle><SyncOnce>FALSE</SyncOnce><DataProperties><itemProps><itemName Sync="TRUE">NUTS_RG_01M_2013</itemName><itemLocation><linkage Sync="TRUE">file://\\s-tlar\development\develop\JIRA-2015\GISCO-653_Download_packages\ADMIN-UNITS\NUTS_2013\NUTS_2013_01M_SH\data\NUTS_RG_01M_2013.shp</linkage><protocol Sync="TRUE">Local Area Network</protocol></itemLocation><nativeExtBox><westBL Sync="TRUE">-63.153455</westBL><eastBL Sync="TRUE">55.836629</eastBL><southBL Sync="TRUE">-21.387309</southBL><northBL Sync="TRUE">71.185318</northBL><exTypeCode Sync="TRUE">1</exTypeCode></nativeExtBox><imsContentType Sync="TRUE">002</imsContentType><itemSize Sync="TRUE">0.000</itemSize></itemProps><coordRef><type Sync="TRUE">Geographic</type><geogcsn Sync="TRUE">GCS_ETRS_1989</geogcsn><csUnits Sync="TRUE">Angular Unit: Degree (0.017453)</csUnits><peXml Sync="TRUE">&lt;GeographicCoordinateSystem xsi:type='typens:GeographicCoordinateSystem' xmlns:xsi='http://www.w3.org/2001/XMLSchema-instance' xmlns:xs='http://www.w3.org/2001/XMLSchema' xmlns:typens='http://www.esri.com/schemas/ArcGIS/10.1'&gt;&lt;WKT&gt;GEOGCS[&amp;quot;GCS_ETRS_1989&amp;quot;,DATUM[&amp;quot;D_ETRS_1989&amp;quot;,SPHEROID[&amp;quot;GRS_1980&amp;quot;,6378137.0,298.257222101]],PRIMEM[&amp;quot;Greenwich&amp;quot;,0.0],UNIT[&amp;quot;Degree&amp;quot;,0.0174532925199433],AUTHORITY[&amp;quot;EPSG&amp;quot;,4258]]&lt;/WKT&gt;&lt;XOrigin&gt;-400&lt;/XOrigin&gt;&lt;YOrigin&gt;-400&lt;/YOrigin&gt;&lt;XYScale&gt;11258999068426.238&lt;/XYScale&gt;&lt;ZOrigin&gt;-100000&lt;/ZOrigin&gt;&lt;ZScale&gt;10000&lt;/ZScale&gt;&lt;MOrigin&gt;-100000&lt;/MOrigin&gt;&lt;MScale&gt;10000&lt;/MScale&gt;&lt;XYTolerance&gt;8.9831528411952133e-009&lt;/XYTolerance&gt;&lt;ZTolerance&gt;0.001&lt;/ZTolerance&gt;&lt;MTolerance&gt;0.001&lt;/MTolerance&gt;&lt;HighPrecision&gt;true&lt;/HighPrecision&gt;&lt;LeftLongitude&gt;-180&lt;/LeftLongitude&gt;&lt;WKID&gt;4258&lt;/WKID&gt;&lt;LatestWKID&gt;4258&lt;/LatestWKID&gt;&lt;/GeographicCoordinateSystem&gt;</peXml></coordRef><lineage><Process ToolSource="c:\program files (x86)\arcgis\desktop10.1\ArcToolbox\Toolboxes\Data Management Tools.tbx\Dissolve" Date="20150410" Time="111620" Name="" export="">Dissolve NUTS_RG_Draft_2 C:\Proyectos\SC#1\COMM_PLUS_EQUAL_FLAGS.gdb\NUTS_RG_Draft_2_N0 CNTR_code # MULTI_PART DISSOLVE_LINES</Process><Process ToolSource="c:\program files (x86)\arcgis\desktop10.1\ArcToolbox\Toolboxes\Data Management Tools.tbx\CalculateField" Date="20150410" Time="123137" Name="" export="">CalculateField NUTS_RG_Draft_2_N0 NUTS_ID [CNTR_code] VB #</Process><Process ToolSource="c:\program files (x86)\arcgis\desktop10.1\ArcToolbox\Toolboxes\Data Management Tools.tbx\CalculateField" Date="20150410" Time="123148" Name="" export="">CalculateField NUTS_RG_Draft_2_N0 STAT_LEVL_CODE 0 VB #</Process><Process ToolSource="c:\program files (x86)\arcgis\desktop10.1\ArcToolbox\Toolboxes\Data Management Tools.tbx\Append" Date="20150410" Time="123902" Name="" export="">Append NUTS_RG_Draft_2_N1;NUTS_RG_Draft_2_N2;NUTS_RG_Draft_2_N3 NUTS_RG_01_2013 NO_TEST "CNTR_code "CNTR_code" true true false 2 Text 0 0 ,First,#;NUTS_ID "NUTS_ID" true true false 14 Text 0 0 ,First,#,C:\Proyectos\SC#1\COMM_PLUS_EQUAL_FLAGS.gdb\NUTS_RG_Draft_2_N1,NUTS_ID,-1,-1,C:\Proyectos\SC#1\COMM_PLUS_EQUAL_FLAGS.gdb\NUTS_RG_Draft_2_N2,NUTS_ID,-1,-1,C:\Proyectos\SC#1\COMM_PLUS_EQUAL_FLAGS.gdb\NUTS_RG_Draft_2_N3,NUTS_ID,-1,-1;STAT_LEVL_CODE "STAT_LEVL_CODE" true true false 2 Short 0 0 ,First,#,C:\Proyectos\SC#1\COMM_PLUS_EQUAL_FLAGS.gdb\NUTS_RG_Draft_2_N1,STAT_LEVL_CODE,-1,-1,C:\Proyectos\SC#1\COMM_PLUS_EQUAL_FLAGS.gdb\NUTS_RG_Draft_2_N3,STAT_LEVL_CODE,-1,-1;Shape_Length "Shape_Length" false true true 8 Double 0 0 ,First,#,C:\Proyectos\SC#1\COMM_PLUS_EQUAL_FLAGS.gdb\NUTS_RG_Draft_2_N1,Shape_Length,-1,-1,C:\Proyectos\SC#1\COMM_PLUS_EQUAL_FLAGS.gdb\NUTS_RG_Draft_2_N2,Shape_Length,-1,-1,C:\Proyectos\SC#1\COMM_PLUS_EQUAL_FLAGS.gdb\NUTS_RG_Draft_2_N3,Shape_Length,-1,-1;Shape_Area "Shape_Area" false true true 8 Double 0 0 ,First,#,C:\Proyectos\SC#1\COMM_PLUS_EQUAL_FLAGS.gdb\NUTS_RG_Draft_2_N1,Shape_Area,-1,-1,C:\Proyectos\SC#1\COMM_PLUS_EQUAL_FLAGS.gdb\NUTS_RG_Draft_2_N2,Shape_Area,-1,-1,C:\Proyectos\SC#1\COMM_PLUS_EQUAL_FLAGS.gdb\NUTS_RG_Draft_2_N3,Shape_Area,-1,-1" #</Process><Process ToolSource="c:\program files (x86)\arcgis\desktop10.1\ArcToolbox\Toolboxes\Data Management Tools.tbx\CalculateField" Date="20150410" Time="124057" Name="" export="">CalculateField NUTS_RG_01_2013 STAT_LEVL_CODE 2 VB #</Process><Process ToolSource="c:\program files (x86)\arcgis\desktop10.1\ArcToolbox\Toolboxes\Data Management Tools.tbx\Dissolve" Date="20150417" Time="143333" Name="" export="">Dissolve \\sf4\sig\EuroStat\EntregasBilbo_ArcGIS_v10\20150416\GISCO_2013_20150416.gdb\NUTS_2013\NUTS_RG_01M_2013 C:\Users\danielleon\Desktop\Eurostat\GISCO_2013_20150410_1.gdb\NUTS_2013\NUTS_RG_01M_2013_diss NUTS_ID;STAT_LEVL_CODE # MULTI_PART DISSOLVE_LINES</Process><Process ToolSource="c:\program files (x86)\arcgis\desktop10.1\ArcToolbox\Toolboxes\Conversion Tools.tbx\FeatureClassToFeatureClass" Date="20150513" Time="113004" Name="" export="">FeatureClassToFeatureClass C:\Users\danielleon\Desktop\Eurostat\GISCO_2013_20150410_1.gdb\NUTS_2013\NUTS_RG_01M_2013 C:\Users\danielleon\Desktop\Eurostat\GISCO_2013_20150410_1.gdb\Pruebas NUTS_RG_01M_ # "NUTS_ID "NUTS_ID" true true false 14 Text 0 0 ,First,#,C:\Users\danielleon\Desktop\Eurostat\GISCO_2013_20150410_1.gdb\NUTS_2013\NUTS_RG_01M_2013,NUTS_ID,-1,-1;STAT_LEVL_CODE "STAT_LEVL_CODE" true true false 2 Short 0 0 ,First,#,C:\Users\danielleon\Desktop\Eurostat\GISCO_2013_20150410_1.gdb\NUTS_2013\NUTS_RG_01M_2013,STAT_LEVL_CODE,-1,-1;Shape_Length "Shape_Length" false true true 8 Double 0 0 ,First,#,C:\Users\danielleon\Desktop\Eurostat\GISCO_2013_20150410_1.gdb\NUTS_2013\NUTS_RG_01M_2013,Shape_Length,-1,-1;Shape_Area "Shape_Area" false true true 8 Double 0 0 ,First,#,C:\Users\danielleon\Desktop\Eurostat\GISCO_2013_20150410_1.gdb\NUTS_2013\NUTS_RG_01M_2013,Shape_Area,-1,-1" #</Process><Process ToolSource="c:\program files (x86)\arcgis\desktop10.1\ArcToolbox\Toolboxes\Conversion Tools.tbx\FeatureClassToFeatureClass" Date="20150513" Time="165251" Name="" export="">FeatureClassToFeatureClass C:\Users\danielleon\Desktop\Eurostat\GISCO_2013_20150410_1.gdb\Pruebas\NUTS_RG_01M_ C:\Users\danielleon\Desktop\Eurostat\GISCO_2013_20150410_1.gdb\NUTS NUTS_RG_01M # "NUTS_ID "NUTS_ID" true true false 14 Text 0 0 ,First,#,C:\Users\danielleon\Desktop\Eurostat\GISCO_2013_20150410_1.gdb\Pruebas\NUTS_RG_01M_,NUTS_ID,-1,-1;STAT_LEVL_CODE "STAT_LEVL_CODE" true true false 2 Short 0 0 ,First,#,C:\Users\danielleon\Desktop\Eurostat\GISCO_2013_20150410_1.gdb\Pruebas\NUTS_RG_01M_,STAT_LEVL_CODE,-1,-1;Shape_Length "Shape_Length" false true true 8 Double 0 0 ,First,#,C:\Users\danielleon\Desktop\Eurostat\GISCO_2013_20150410_1.gdb\Pruebas\NUTS_RG_01M_,Shape_Length,-1,-1;Shape_Area "Shape_Area" false true true 8 Double 0 0 ,First,#,C:\Users\danielleon\Desktop\Eurostat\GISCO_2013_20150410_1.gdb\Pruebas\NUTS_RG_01M_,Shape_Area,-1,-1" #</Process><Process ToolSource="c:\program files (x86)\arcgis\desktop10.1\ArcToolbox\Toolboxes\Data Management Tools.tbx\Dissolve" Date="20150824" Time="133125">Dissolve NUTS\NUTS_RG_01M_2013 C:\Proyectos\SC#1\FuenteSF4\GISCO_100K_01M_03M_10M_20M_60M_20150819.gdb\NUTS_2013\NUTS_RG_01M_2013_1 NUTS_ID;STAT_LEVL_CODE # MULTI_PART DISSOLVE_LINES</Process><Process ToolSource="c:\program files (x86)\arcgis\desktop10.1\ArcToolbox\Toolboxes\Data Management Tools.tbx\RepairGeometry" Date="20151118" Time="133108">RepairGeometry NUTS_RG_01M_2013 DELETE_NULL</Process><Process ToolSource="c:\program files (x86)\arcgis\desktop10.1\ArcToolbox\Toolboxes\Data Management Tools.tbx\CopyFeatures" Date="20160209" Time="165950">CopyFeatures J:\GISCO_1.gdb\NUTS_2013\NUTS_RG_01M_2013 \\s-tpol\connection-files\PROD\PROD-DIRECT-GISCO.sde\GISCO.NUTS_2013\GISCO.NUTS_RG_01M_2013 # 0 0 0</Process><Process ToolSource="c:\program files (x86)\arcgis\desktop10.1\ArcToolbox\Toolboxes\Data Management Tools.tbx\CopyFeatures" Date="20160210" Time="154424">CopyFeatures \\s-tpol\connection-files\PROD\PROD-DIRECT-GISCO.sde\GISCO.NUTS_2013\GISCO.NUTS_RG_01M_2013 J:\develop\JIRA-2015\GISCO-653_Download_packages\ADMIN-UNITS\NUTS_2013\NUTS_2013_01M_SH\data\NUTS_RG_01M_2013.shp # 0 0 0</Process></lineage></DataProperties><SyncDate>20160210</SyncDate><SyncTime>15441600</SyncTime><ModDate>20160210</ModDate><ModTime>15441600</ModTime><ArcGISProfile>INSPIRE</ArcGISProfile><scaleRange><minScale>5000000</minScale><maxScale>50000</maxScale></scaleRange></Esri><eainfo><detailed Name="NUTS_RG_01M_2013"><enttyp><enttypl Sync="TRUE">NUTS_RG_01M_2013</enttypl><enttypt Sync="TRUE">Feature Class</enttypt><enttypc Sync="TRUE">0</enttypc><enttypd>NUTS 2013 region topology (= Multipart polygon) scale 1:1M</enttypd></enttyp><attr><attrlabl Sync="TRUE">Shape</attrlabl><attalias Sync="TRUE">Shape</attalias><attrtype Sync="TRUE">Geometry</attrtype><attwidth Sync="TRUE">0</attwidth><atprecis Sync="TRUE">0</atprecis><attscale Sync="TRUE">0</attscale><attrdef Sync="TRUE">Feature geometry.</attrdef><attrdefs Sync="TRUE">Esri</attrdefs><attrdomv><udom Sync="TRUE">Coordinates defining the features.</udom></attrdomv></attr><attr><attrlabl Sync="TRUE">NUTS_ID</attrlabl><attalias Sync="TRUE">NUTS_ID</attalias><attrtype Sync="TRUE">String</attrtype><attwidth Sync="TRUE">14</attwidth><atprecis Sync="TRUE">0</atprecis><attscale Sync="TRUE">0</attscale><attrdef>NUTS region Identifier

This attribute contains the regional NUTS codes made up of 5,4,3 or 2 characters. As the NUTS code is hierarchical, the subsequent attributes, indicating level 0 to 2, are derived from the complete NUTS code by taking res. the first 2, 3 or 4 characters (PK for the relation to boundaries, labels and attributes)</attrdef><attrdefs>GISCO</attrdefs></attr><subtype><stname Sync="TRUE">country</stname><stcode Sync="TRUE">0</stcode></subtype><subtype><stname Sync="TRUE">nuts1</stname><stcode Sync="TRUE">1</stcode></subtype><attr><attrlabl Sync="TRUE">FID</attrlabl><attalias Sync="TRUE">FID</attalias><attrtype Sync="TRUE">OID</attrtype><attwidth Sync="TRUE">4</attwidth><atprecis Sync="TRUE">0</atprecis><attscale Sync="TRUE">0</attscale><attrdef Sync="TRUE">Internal feature number.</attrdef><attrdefs Sync="TRUE">Esri</attrdefs><attrdomv><udom Sync="TRUE">Sequential unique whole numbers that are automatically generated.</udom></attrdomv></attr><subtype><stname Sync="TRUE">nuts2</stname><stcode Sync="TRUE">2</stcode></subtype><subtype><stname Sync="TRUE">nuts3</stname><stcode Sync="TRUE">3</stcode></subtype><attr><attrlabl Sync="TRUE">STAT_LEVL_</attrlabl><attalias Sync="TRUE">STAT_LEVL_</attalias><attrtype Sync="TRUE">Integer</attrtype><attwidth Sync="TRUE">5</attwidth><atprecis Sync="TRUE">5</atprecis><attscale Sync="TRUE">0</attscale></attr><attr><attrlabl Sync="TRUE">SHAPE_AREA</attrlabl><attalias Sync="TRUE">SHAPE_AREA</attalias><attrtype Sync="TRUE">Double</attrtype><attwidth Sync="TRUE">19</attwidth><atprecis Sync="TRUE">0</atprecis><attscale Sync="TRUE">0</attscale><attrdef Sync="TRUE">Area of feature in internal units squared.</attrdef><attrdefs Sync="TRUE">Esri</attrdefs><attrdomv><udom Sync="TRUE">Positive real numbers that are automatically generated.</udom></attrdomv></attr><attr><attrlabl Sync="TRUE">SHAPE_LEN</attrlabl><attalias Sync="TRUE">SHAPE_LEN</attalias><attrtype Sync="TRUE">Double</attrtype><attwidth Sync="TRUE">19</attwidth><atprecis Sync="TRUE">0</atprecis><attscale Sync="TRUE">0</attscale></attr></detailed></eainfo><mdFileID>b4ab0a49-953a-4f45-afeb-24abcaedec8c</mdFileID><mdLang><languageCode value="eng"/><countryCode value="GBR" Sync="TRUE"></countryCode></mdLang><mdChar><CharSetCd value="004"/></mdChar><mdHrLvName Sync="TRUE">dataset</mdHrLvName><mdContact><rpOrgName>European Commission, Eurostat (ESTAT), GISCO</rpOrgName><rpCntInfo><cntAddress><eMailAdd>estat-gisco@ec.europa.eu</eMailAdd></cntAddress></rpCntInfo><role><RoleCd value="007"/></role></mdContact><mdDateSt Sync="TRUE">20160210</mdDateSt><mdStanName>ArcGIS Metadata</mdStanName><mdStanVer>1.0</mdStanVer><distInfo><distFormat><formatName Sync="TRUE">Shapefile</formatName><formatVer/></distFormat><distTranOps><transSize Sync="TRUE">0.000</transSize></distTranOps></distInfo><dataIdInfo><idCitation><resTitle Sync="TRUE">NUTS_RG_01M_2013</resTitle><presForm><PresFormCd value="005"/></presForm></idCitation><idAbs>This data set represents the regions for level 1, 2 and 3 of the Nomenclature of Territorial Units for Statistics (NUTS) for 2013. The NUTS nomenclature is a hierarchical classification of statistical regions and subdivides the EU economic territory into regions of three different levels (NUTS 1, 2 and 3, respectively, moving from larger to smaller territorial units). NUTS 1 is the most aggregated level. The NUTS classification has been officially established through Regulation (EC) No 1059/2003 of the European Parliament and of the Council and amendments. A non official NUTS-like classification has been defined for the EFTA countries and candidate countries. An introduction to the NUTS classification is available here: http://epp.eurostat.ec.europa.eu/portal/page/portal/nuts_nomenclature/introduction This data set has been created mainly from the EuroBoundary Map v 8.x(Eurogeographics), geographic information from TurkStat for Turkey, the Global Administrative Unit Layer from FAO (UN) for Macedonia and a list of communes per statistical region provided by the countries. Available scales are 1M, 3M, 10M, 20M, 60M). Here six scale ranges (100K, 1M, 3M, 10M and 20M, 60M) are available. Coverage is the economical territory of the EU, EFTA countries and candidate countries as in 2013. This data has been generalised from 100K scale and therfore may not be an accurate depiction of the NUTS regions.</idAbs><idPoC><rpOrgName>European Commission, Eurostat (ESTAT), GISCO</rpOrgName><rpCntInfo><cntAddress><eMailAdd>estat-gisco@ec.europa.eu</eMailAdd></cntAddress></rpCntInfo><role><RoleCd value="007"/></role></idPoC><themeKeys><keyword>Statistical units</keyword><thesaName><resTitle>GEMET - INSPIRE themes, version 1.0</resTitle><date><pubDate>2008-01-06T00:00:00</pubDate></date></thesaName></themeKeys><searchKeys><keyword>Statistical units</keyword></searchKeys><resConst><LegConsts><accessConsts><RestrictCd value="008"/></accessConsts></LegConsts></resConst><resConst><Consts><useLimit>geossAttribution</useLimit></Consts></resConst><spatRpType><SpatRepTypCd value="001"/></spatRpType><dataScale><equScale><rfDenom>1000000</rfDenom></equScale><scaleDist><value uom="m"/></scaleDist></dataScale><dataLang><languageCode value="eng"/><countryCode value="GBR" Sync="TRUE"></countryCode></dataLang><dataChar><CharSetCd value="004"/></dataChar><tpCat><TopicCatCd value="003"/></tpCat><envirDesc Sync="TRUE">Microsoft Windows 7 Version 6.1 (Build 7601) Service Pack 1; Esri ArcGIS 10.1.1.3143</envirDesc><dataExt><geoEle><GeoBndBox><exTypeCode>true</exTypeCode><westBL>-63.153455</westBL><eastBL>55.836629</eastBL><southBL>-21.387309</southBL><northBL>71.185318</northBL></GeoBndBox></geoEle><tempEle><TempExtent><exTemp><TM_Period gmlID="ID0ESZAE"><tmEnd date="unknown"/></TM_Period></exTemp></TempExtent></tempEle></dataExt><dataExt><geoEle><GeoBndBox esriExtentType="search"><exTypeCode Sync="TRUE">1</exTypeCode><westBL Sync="TRUE">-63.153455</westBL><eastBL Sync="TRUE">55.836629</eastBL><northBL Sync="TRUE">71.185318</northBL><southBL Sync="TRUE">-21.387309</southBL></GeoBndBox></geoEle></dataExt></dataIdInfo><dqInfo><dqScope/><report type="DQDomConsis"><measResult><ConResult><conSpec><resTitle>COMMISSION REGULATION (EU) No 1089/2010 of 23 November 2010 implementing Directive 2007/2/EC of the European Parliament and of the Council as regards interoperability of spatial data sets and services</resTitle><date><createDate>2010-11-11T00:00:00</createDate></date></conSpec><conExpl>See the referenced specification</conExpl><conPass>false</conPass></ConResult></measResult></report><dataLineage><statement>This dataset is based on: EuroBoundaryMap (EBM) v8.x. from EuroGeographics (scale of 1:100.000), Global Administrative Unit Layer (GAUL) 2013 country data from UN/FAO, data from the National Statistical Institute of Turkey (TurkStat), General Register Office for Scotland (GRO) (scale 1:100.000), Digital Chart of the World from ESRI for Kaliningrad, ArcWorld from ESRI for the Aral Sea, the Caspian Sea, some other borders. The different scale levels were derived by generalisation of the 100K scale. This data set consists of 2 feature classes (region polygons and boundaries) per scale level (100k, 1M, 3M, 10M, 20M, 60M). In addition there is also a label feature class (scale independent). This labelpoint feature class was created with a label inside each NUTS region at the 3 NUTS levels (1 - 3) and countries. Furthermore two line feature classes were created: one feature class for cartograhic joiners to identify where NUTS areas have one or more enclaves and a second line feature class for cartographic separators, to identify where the NUTS limits are in the sea. The arcs of two latter feature classes are only useful for cartographic purposes and are not meant to identify actual administrative or statistical boundaries stretching into the sea or any other significance. The boundaries and regions are related to each other through a relationship table. Associated tables contain basic information such as the region's name. The 5 small scale feature classes should be used exclusively for cartographic purposes. This data set is consistent at all scales with the following data sets: "Communes 2013 @ European Commission, Eurostat/GISCO", "Countries 2013, European Commission - Eurostat/GISCO", "Coastlines 2013, European Commission - Eurostat/GISCO", "Exclusive Economic Zones 2013, European Commission - Eurostat/GISCO" . Different tests were performed to ensure conceptual- , domain- and topological- consistency. Manual edits have been made to fix erros in the NUTS in Scotland caused by errros in the source EBM for UKM63 and UKM31.</statement></dataLineage></dqInfo><spatRepInfo><VectSpatRep><geometObjs Name="NUTS_RG_01M_2013"><geoObjTyp><GeoObjTypCd value="002" Sync="TRUE"></GeoObjTypCd></geoObjTyp><geoObjCnt Sync="TRUE">0</geoObjCnt></geometObjs><topLvl><TopoLevCd value="001" Sync="TRUE"></TopoLevCd></topLvl></VectSpatRep></spatRepInfo><refSysInfo><RefSystem><refSysID><identCode code=""/><idCodeSpace Sync="TRUE">EPSG</idCodeSpace><idVersion Sync="TRUE">7.11.2</idVersion></refSysID></RefSystem></refSysInfo><mdHrLv><ScopeCd value="005" Sync="TRUE"></ScopeCd></mdHrLv><spdoinfo><ptvctinf><esriterm Name="NUTS_RG_01M_2013"><efeatyp Sync="TRUE">Simple</efeatyp><efeageom code="4" Sync="TRUE"></efeageom><esritopo Sync="TRUE">FALSE</esritopo><efeacnt Sync="TRUE">0</efeacnt><spindex Sync="TRUE">FALSE</spindex><linrefer Sync="TRUE">FALSE</linrefer></esriterm></ptvctinf></spdoinfo></metadata>
