<metadata xml:lang="es"><Esri><CreaDate>20150731</CreaDate><CreaTime>10320800</CreaTime><SyncOnce>FALSE</SyncOnce><DataProperties><lineage><Process ToolSource="C:\Archivos de programa\ArcGIS\ArcToolbox\Toolboxes\Data Management Tools.tbx\Dissolve" Date="20150213" Time="150310" Name="" export="">Dissolve PaisesFlagSoloSHN "C:\Documents and Settings\danielleon\Escritorio\Proyectos\EUROSTAT-GIS\Trabajo local\nuts0.shp" EBM_NUTS.ICC # MULTI_PART DISSOLVE_LINES</Process><Process ToolSource="C:\Archivos de programa\ArcGIS\ArcToolbox\Toolboxes\Data Management Tools.tbx\Append" Date="20150213" Time="182335" Name="" export="">Append nuts1;nuts2;nuts3 "C:\Documents and Settings\danielleon\Escritorio\Proyectos\EUROSTAT-GIS\Trabajo local\Nuts2013.gdb\NUTS_RG_100K_2013" TEST # # "C:\Documents and Settings\danielleon\Escritorio\Proyectos\EUROSTAT-GIS\Trabajo local\Nuts2013.gdb\NUTS_RG_100K_2013"</Process><Process ToolSource="C:\Archivos de programa\ArcGIS\ArcToolbox\Toolboxes\Data Management Tools.tbx\FeatureToPoint" Date="20150213" Time="183353" Name="" export="">FeatureToPoint NUTS_RG_100K_2013 "C:\Documents and Settings\danielleon\Escritorio\Proyectos\EUROSTAT-GIS\Trabajo local\Nuts2013.gdb\NUTS_LB_100K_2013" INSIDE</Process><Process ToolSource="c:\program files (x86)\arcgis\desktop10.2\ArcToolbox\Toolboxes\Conversion Tools.tbx\FeatureClassToFeatureClass" Date="20150312" Time="121316" Name="" export="">FeatureClassToFeatureClass \\sf4\sig\EuroStat\EntregasBilbo_ArcGIS_v10\20150227\GISCO_20131550.gdb\NUTS_2013\NUTS_LB_100K_2013 C:\EuroStat\SC#1\COMM_PLUS_Derivaciones20150308.gdb\NUTS_2013 NUTS_LB_100K_2013 # "NUTS_ID "NUTS_ID" true true false 5 Text 0 0 ,First,#,\\sf4\sig\EuroStat\EntregasBilbo_ArcGIS_v10\20150227\GISCO_20131550.gdb\NUTS_2013\NUTS_LB_100K_2013,NUTS_ID,-1,-1;LAT "LAT" true true false 8 Double 0 0 ,First,#,\\sf4\sig\EuroStat\EntregasBilbo_ArcGIS_v10\20150227\GISCO_20131550.gdb\NUTS_2013\NUTS_LB_100K_2013,LAT,-1,-1;LON "LON" true true false 8 Double 0 0 ,First,#,\\sf4\sig\EuroStat\EntregasBilbo_ArcGIS_v10\20150227\GISCO_20131550.gdb\NUTS_2013\NUTS_LB_100K_2013,LON,-1,-1;STAT_LEVL_CODE "STAT_LEVL_CODE" true true false 2 Short 0 0 ,First,#,\\sf4\sig\EuroStat\EntregasBilbo_ArcGIS_v10\20150227\GISCO_20131550.gdb\NUTS_2013\NUTS_LB_100K_2013,STAT_LEVL_CODE,-1,-1" #</Process><Process ToolSource="c:\program files (x86)\arcgis\desktop10.2\ArcToolbox\Toolboxes\Data Management Tools.tbx\CopyFeatures" Date="20150317" Time="174108" Name="" export="">CopyFeatures \\sf4\sig\EuroStat\Seguridad\GISCO_2013_20150316.gdb\NUTS_2013\NUTS_LB_100K_2013 \\sf4\sig\EuroStat\EntregasBilbo_ArcGIS_v10\20150317\GISCO_2013_20150313.gdb\NUTS_2013\NUTS_LB_100K_2013 # 0 0 0</Process><Process ToolSource="c:\program files (x86)\arcgis\desktop10.1\ArcToolbox\Toolboxes\Conversion Tools.tbx\FeatureClassToFeatureClass" Date="20150513" Time="172522" Name="" export="">FeatureClassToFeatureClass C:\Users\danielleon\Desktop\Eurostat\GISCO_2013_20150410_1.gdb\NUTS_2013\NUTS_LB_100K_2013 C:\Users\danielleon\Desktop\Eurostat\GISCO_2013_20150410_1.gdb\NUTS NUTS_LB_100K # "NUTS_ID "NUTS_ID" true true false 5 Text 0 0 ,First,#,C:\Users\danielleon\Desktop\Eurostat\GISCO_2013_20150410_1.gdb\NUTS_2013\NUTS_LB_100K_2013,NUTS_ID,-1,-1;LAT "LAT" true true false 8 Double 0 0 ,First,#,C:\Users\danielleon\Desktop\Eurostat\GISCO_2013_20150410_1.gdb\NUTS_2013\NUTS_LB_100K_2013,LAT,-1,-1;LON "LON" true true false 8 Double 0 0 ,First,#,C:\Users\danielleon\Desktop\Eurostat\GISCO_2013_20150410_1.gdb\NUTS_2013\NUTS_LB_100K_2013,LON,-1,-1;STAT_LEVL_CODE "STAT_LEVL_CODE" true true false 2 Short 0 0 ,First,#,C:\Users\danielleon\Desktop\Eurostat\GISCO_2013_20150410_1.gdb\NUTS_2013\NUTS_LB_100K_2013,STAT_LEVL_CODE,-1,-1" #</Process></lineage><itemProps><itemName Sync="TRUE">NUTS_LB_2013</itemName><itemLocation><linkage Sync="TRUE">file://\\s-tlar\development\develop\JIRA-2015\GISCO-653_Download_packages\ADMIN-UNITS\NUTS_2013\NUTS_2013_01M_SH\data\NUTS_LB_2013.shp</linkage><protocol Sync="TRUE">Local Area Network</protocol></itemLocation><nativeExtBox><westBL Sync="TRUE">-61.675643</westBL><eastBL Sync="TRUE">55.526558</eastBL><southBL Sync="TRUE">-21.125655</southBL><northBL Sync="TRUE">69.545811</northBL><exTypeCode Sync="TRUE">1</exTypeCode></nativeExtBox><imsContentType Sync="TRUE">002</imsContentType><itemSize Sync="TRUE">0.000</itemSize></itemProps><coordRef><type Sync="TRUE">Geographic</type><geogcsn Sync="TRUE">GCS_ETRS_1989</geogcsn><csUnits Sync="TRUE">Angular Unit: Degree (0.017453)</csUnits><peXml Sync="TRUE">&lt;GeographicCoordinateSystem xsi:type='typens:GeographicCoordinateSystem' xmlns:xsi='http://www.w3.org/2001/XMLSchema-instance' xmlns:xs='http://www.w3.org/2001/XMLSchema' xmlns:typens='http://www.esri.com/schemas/ArcGIS/10.1'&gt;&lt;WKT&gt;GEOGCS[&amp;quot;GCS_ETRS_1989&amp;quot;,DATUM[&amp;quot;D_ETRS_1989&amp;quot;,SPHEROID[&amp;quot;GRS_1980&amp;quot;,6378137.0,298.257222101]],PRIMEM[&amp;quot;Greenwich&amp;quot;,0.0],UNIT[&amp;quot;Degree&amp;quot;,0.0174532925199433],AUTHORITY[&amp;quot;EPSG&amp;quot;,4258]]&lt;/WKT&gt;&lt;XOrigin&gt;-400&lt;/XOrigin&gt;&lt;YOrigin&gt;-400&lt;/YOrigin&gt;&lt;XYScale&gt;11258999068426.238&lt;/XYScale&gt;&lt;ZOrigin&gt;-100000&lt;/ZOrigin&gt;&lt;ZScale&gt;10000&lt;/ZScale&gt;&lt;MOrigin&gt;-100000&lt;/MOrigin&gt;&lt;MScale&gt;10000&lt;/MScale&gt;&lt;XYTolerance&gt;8.9831528411952133e-009&lt;/XYTolerance&gt;&lt;ZTolerance&gt;0.001&lt;/ZTolerance&gt;&lt;MTolerance&gt;0.001&lt;/MTolerance&gt;&lt;HighPrecision&gt;true&lt;/HighPrecision&gt;&lt;LeftLongitude&gt;-180&lt;/LeftLongitude&gt;&lt;WKID&gt;4258&lt;/WKID&gt;&lt;LatestWKID&gt;4258&lt;/LatestWKID&gt;&lt;/GeographicCoordinateSystem&gt;</peXml></coordRef></DataProperties><SyncDate>20151203</SyncDate><SyncTime>17295600</SyncTime><ModDate>20151203</ModDate><ModTime>17295600</ModTime><ArcGISFormat>1.0</ArcGISFormat><ArcGISstyle>GISCO Metadata Editor 2012</ArcGISstyle><ArcGISProfile>INSPIRE</ArcGISProfile><scaleRange><minScale>5000000</minScale><maxScale>50000</maxScale></scaleRange></Esri><eainfo><detailed Name="NUTS_LB_2013"><enttyp><enttypl Sync="TRUE">NUTS_LB_2013</enttypl><enttypt Sync="TRUE">Feature Class</enttypt><enttypc Sync="TRUE">0</enttypc><enttypd>NUTS labels version 2013, Point feature class table</enttypd></enttyp><attr><attrlabl Sync="TRUE">Shape</attrlabl><attalias Sync="TRUE">Shape</attalias><attrtype Sync="TRUE">Geometry</attrtype><attwidth Sync="TRUE">0</attwidth><atprecis Sync="TRUE">0</atprecis><attscale Sync="TRUE">0</attscale><attrdef Sync="TRUE">Feature geometry.</attrdef><attrdefs Sync="TRUE">ESRI</attrdefs><attrdomv><udom Sync="TRUE">Coordinates defining the features.</udom></attrdomv></attr><attr><attrlabl Sync="TRUE">NUTS_ID</attrlabl><attalias Sync="TRUE">NUTS_ID</attalias><attrtype Sync="TRUE">String</attrtype><attwidth Sync="TRUE">5</attwidth><atprecis Sync="TRUE">0</atprecis><attscale Sync="TRUE">0</attscale><attrdef>This attribute contains the regional NUTS codes made up of 5,4,3 or 2 characters. As the NUTS code is hierarchical, the subsequent attributes, indicating level 0 to 2, are derived from the complete NUTS code by taking res. the first 2, 3 or 4 characters</attrdef><attrdefs>GISCO</attrdefs></attr><attr><attrlabl Sync="TRUE">LAT</attrlabl><attalias Sync="TRUE">LAT</attalias><attrtype Sync="TRUE">Double</attrtype><attwidth Sync="TRUE">19</attwidth><atprecis Sync="TRUE">0</atprecis><attscale Sync="TRUE">0</attscale><attrdef>Latitude coordinate</attrdef><attrdefs>GISCO</attrdefs></attr><attr><attrlabl Sync="TRUE">LON</attrlabl><attalias Sync="TRUE">LON</attalias><attrtype Sync="TRUE">Double</attrtype><attwidth Sync="TRUE">19</attwidth><atprecis Sync="TRUE">0</atprecis><attscale Sync="TRUE">0</attscale><attrdef>Longitude coordinate</attrdef><attrdefs>GISCO</attrdefs></attr><attr><attrlabl Sync="TRUE">FID</attrlabl><attalias Sync="TRUE">FID</attalias><attrtype Sync="TRUE">OID</attrtype><attwidth Sync="TRUE">4</attwidth><atprecis Sync="TRUE">0</atprecis><attscale Sync="TRUE">0</attscale><attrdef Sync="TRUE">Internal feature number.</attrdef><attrdefs Sync="TRUE">Esri</attrdefs><attrdomv><udom Sync="TRUE">Sequential unique whole numbers that are automatically generated.</udom></attrdomv></attr><subtype><stname Sync="TRUE">country</stname><stcode Sync="TRUE">0</stcode></subtype><subtype><stname Sync="TRUE">nuts1</stname><stcode Sync="TRUE">1</stcode></subtype><subtype><stname Sync="TRUE">nuts2</stname><stcode Sync="TRUE">2</stcode></subtype><subtype><stname Sync="TRUE">nuts3</stname><stcode Sync="TRUE">3</stcode></subtype><attr><attrlabl Sync="TRUE">STAT_LEVL_</attrlabl><attalias Sync="TRUE">STAT_LEVL_</attalias><attrtype Sync="TRUE">SmallInteger</attrtype><attwidth Sync="TRUE">4</attwidth><atprecis Sync="TRUE">4</atprecis><attscale Sync="TRUE">0</attscale></attr></detailed></eainfo><mdFileID>b4ab0a49-953a-4f45-afeb-24abcaedec8c</mdFileID><mdLang><languageCode value="eng"/><countryCode value="GBR" Sync="TRUE"/></mdLang><mdChar><CharSetCd value="004"/></mdChar><mdHrLvName Sync="TRUE">dataset</mdHrLvName><mdContact xmlns=""><rpOrgName>European Commission, Eurostat (ESTAT), GISCO</rpOrgName><rpCntInfo><cntAddress addressType=""><eMailAdd>estat-gisco@ec.europa.eu</eMailAdd></cntAddress></rpCntInfo><role><RoleCd value="007"/></role></mdContact><mdDateSt Sync="TRUE">20151203</mdDateSt><mdStanName>ArcGIS Metadata</mdStanName><mdStanVer>1.0</mdStanVer><distInfo><distFormat><formatName Sync="TRUE">Shapefile</formatName></distFormat><distTranOps><transSize Sync="TRUE">0.000</transSize></distTranOps></distInfo><dataIdInfo><idCitation><resTitle Sync="TRUE">NUTS_LB_2013</resTitle><presForm><PresFormCd value="005"/></presForm></idCitation><idAbs>&lt;DIV STYLE="text-align:Left;"&gt;&lt;DIV&gt;&lt;DIV&gt;&lt;P&gt;&lt;SPAN&gt;This data set represents the regions for level 1, 2 and 3 of the Nomenclature of Territorial Units for Statistics (NUTS) for 2013. The NUTS nomenclature is a hierarchical classification of statistical regions and subdivides the EU economic territory into regions of three different levels (NUTS 1, 2 and 3, respectively, moving from larger to smaller territorial units). NUTS 1 is the most aggregated level. The NUTS classification has been officially established through Regulation (EC) No 1059/2003 of the European Parliament and of the Council and amendments. A non official NUTS-like classification has been defined for the EFTA countries and candidate countries. An introduction to the NUTS classification is available here: http://epp.eurostat.ec.europa.eu/portal/page/portal/nuts_nomenclature/introduction This data set has been created mainly from the EuroBoundary Map v 8.x(Eurogeographics), geographic information from TurkStat for Turkey, the Global Administrative Unit Layer from FAO (UN) for Macedonia and a list of communes per statistical region provided by the countries. Available scales are 1M, 3M, 10M, 20M, 60M). Here six scale ranges (100K, 1M, 3M, 10M and 20M, 60M) are available. Coverage is the economical territory of the EU, EFTA countries and candidate countries as in 2013. This data has been generalised from 100K scale and therfore may not be an accurate depiction of the NUTS regions.&lt;/SPAN&gt;&lt;SPAN&gt;  &lt;/SPAN&gt;&lt;/P&gt;&lt;P&gt;&lt;SPAN /&gt;&lt;SPAN&gt;T&lt;/SPAN&gt;&lt;SPAN&gt;his feature class contains points representing all NUTS regions, one per region per NUTS level, and can be used for labeling the NUTS regions.&lt;/SPAN&gt;&lt;/P&gt;&lt;/DIV&gt;&lt;/DIV&gt;&lt;/DIV&gt;</idAbs><idPoC><rpOrgName>European Commission, Eurostat (ESTAT), GISCO</rpOrgName><rpCntInfo><cntAddress><eMailAdd>estat-gisco@ec.europa.eu</eMailAdd></cntAddress></rpCntInfo><role><RoleCd value="007"/></role></idPoC><themeKeys><thesaName><resTitle>GEMET - INSPIRE themes, version 1.0</resTitle><date><pubDate>2008-01-06T00:00:00</pubDate></date></thesaName><keyword>Statistical units</keyword></themeKeys><searchKeys><keyword>Statistical units</keyword></searchKeys><resConst><LegConsts><accessConsts><RestrictCd value="008"/></accessConsts></LegConsts></resConst><resConst><Consts><useLimit>geossAttribution</useLimit></Consts></resConst><spatRpType><SpatRepTypCd value="001"/></spatRpType><dataScale><equScale><rfDenom>1000000</rfDenom></equScale><scaleDist><value uom="m"/></scaleDist></dataScale><dataLang><languageCode value="eng"/><countryCode value="GBR" Sync="TRUE"/></dataLang><dataChar><CharSetCd value="004"/></dataChar><envirDesc Sync="TRUE">Microsoft Windows 7 Version 6.1 (Build 7601) Service Pack 1; Esri ArcGIS 10.2.2.3552</envirDesc><dataExt><geoEle><GeoBndBox><exTypeCode>true</exTypeCode><westBL>-63.153455</westBL><eastBL>55.836629</eastBL><southBL>-21.387309</southBL><northBL>71.185318</northBL></GeoBndBox></geoEle><tempEle><TempExtent><exTemp><TM_Period gmlID="ID0ESZAE"><tmEnd date="unknown"/></TM_Period></exTemp></TempExtent></tempEle></dataExt><dataExt><geoEle><GeoBndBox esriExtentType="search"><exTypeCode Sync="TRUE">1</exTypeCode><westBL Sync="TRUE">-61.675643</westBL><eastBL Sync="TRUE">55.526558</eastBL><northBL Sync="TRUE">69.545811</northBL><southBL Sync="TRUE">-21.125655</southBL></GeoBndBox></geoEle></dataExt><tpCat><TopicCatCd value="003"/></tpCat></dataIdInfo><dqInfo><report type="DQDomConsis"><measResult><ConResult><conSpec><resTitle>COMMISSION REGULATION (EU) No 1089/2010 of 23 November 2010 implementing Directive 2007/2/EC of the European Parliament and of the Council as regards interoperability of spatial data sets and services</resTitle><date><createDate>2010-11-11T00:00:00</createDate></date></conSpec><conExpl>See the referenced specification</conExpl><conPass>false</conPass></ConResult></measResult></report><dataLineage><statement>This dataset is based on: EuroBoundaryMap (EBM) v8.x. from EuroGeographics (scale of 1:100.000), Global Administrative Unit Layer (GAUL) 2013 country data from UN/FAO, data from the National Statistical Institute of Turkey (TurkStat), General Register Office for Scotland (GRO) (scale 1:100.000), Digital Chart of the World from ESRI for Kaliningrad, ArcWorld from ESRI for the Aral Sea, the Caspian Sea, some other borders. The different scale levels were derived by generalisation of the 100K scale. This data set consists of 2 feature classes (region polygons and boundaries) per scale level (100k, 1M, 3M, 10M, 20M, 60M). In addition there is also a label feature class (scale independent). This labelpoint feature class was created with a label inside each NUTS region at the 3 NUTS levels (1 - 3) and countries. Furthermore two line feature classes were created: one feature class for cartograhic joiners to identify where NUTS areas have one or more enclaves and a second line feature class for cartographic separators, to identify where the NUTS limits are in the sea. The arcs of two latter feature classes are only useful for cartographic purposes and are not meant to identify actual administrative or statistical boundaries stretching into the sea or any other significance. The boundaries and regions are related to each other through a relationship table. Associated tables contain basic information such as the region's name. The 5 small scale feature classes should be used exclusively for cartographic purposes. This data set is consistent at all scales with the following data sets: "Communes 2013 @ European Commission, Eurostat/GISCO", "Countries 2013, European Commission - Eurostat/GISCO", "Coastlines 2013, European Commission - Eurostat/GISCO", "Exclusive Economic Zones 2013, European Commission - Eurostat/GISCO" . Different tests were performed to ensure conceptual- , domain- and topological- consistency. Manual edits have been made to fix erros in the NUTS in Scotland caused by errros in the source EBM for UKM63 and UKM31.</statement></dataLineage></dqInfo><spatRepInfo><VectSpatRep><geometObjs Name="NUTS_LB_2013"><geoObjTyp><GeoObjTypCd value="004" Sync="TRUE"></GeoObjTypCd></geoObjTyp><geoObjCnt Sync="TRUE">0</geoObjCnt></geometObjs><topLvl><TopoLevCd value="001" Sync="TRUE"></TopoLevCd></topLvl></VectSpatRep></spatRepInfo><refSysInfo><RefSystem><refSysID><idCodeSpace Sync="TRUE">EPSG</idCodeSpace><idVersion Sync="TRUE">8.2.6</idVersion><identCode code="4258" Sync="TRUE" value="4258"/></refSysID></RefSystem></refSysInfo><mdHrLv><ScopeCd value="005" Sync="TRUE"/></mdHrLv><spdoinfo><ptvctinf><esriterm Name="NUTS_LB_2013"><efeatyp Sync="TRUE">Simple</efeatyp><efeageom code="1" Sync="TRUE"></efeageom><esritopo Sync="TRUE">FALSE</esritopo><efeacnt Sync="TRUE">0</efeacnt><spindex Sync="TRUE">FALSE</spindex><linrefer Sync="TRUE">FALSE</linrefer></esriterm></ptvctinf></spdoinfo></metadata>
